Year,Distribuzione,Film,Giorni,Incasso,Presenze,%Presenze,%Incasso
2005,UIP-UNITED INT.PICTURES S.R.L.,34.0,129396.0,102127956,17121220,19.03,18.9
2005,WARNER BROS ITALIA S.P.A.,62.0,116516.0,76410222,12799820,14.24,14.13
2005,01 DISTRIBUTION,40.0,104578.0,62134391,10509518,11.58,11.6
2005,MEDUSA FILM S.P.A.,80.0,99815.0,55027642,9293133,10.25,10.26
2005,BUENA VISTA INT. ITALIA S.R.L.,51.0,81564.0,47552575,8039559,8.86,8.88
2005,EAGLE PICTURES S.P.A.,43.0,83911.0,38642085,6405620,7.2,7.07
2005,FILMAURO S.R.L.,14.0,31689.0,36755775,6044195,6.85,6.67
2005,SONY PICT. ITALIA S.R.L.,42.0,62314.0,33529497,5509873,6.25,6.08
2005,20TH CENTURY FOX ITALIA S.P.A.,40.0,61193.0,31288499,5252595,5.83,5.8
2005,BIM DISTRIB. S.R.L.,44.0,22359.0,9162043,1641627,1.71,1.81
2005,LUCKY RED DISTRIB.,43.0,21291.0,9023784,1626382,1.68,1.8
2005,MIKADO FILM S.P.A.,76.0,23371.0,8397642,1595588,1.56,1.76
2005,IST. LUCE S.P.A.,55.0,18779.0,7026824,1280454,1.31,1.41
2005,IIF-ITALIAN INTERNATIONAL FILM,14.0,13357.0,4535467,761806,0.85,0.84
2005,MEDIAFILM S.P.A.,12.0,6895.0,2983886,519722,0.56,0.57
2005,MOVIEMAX S.R.L.,7.0,10168.0,2509941,431324,0.47,0.48
2005,FANDANGO S.R.L.,24.0,8102.0,2445232,457443,0.46,0.51
2005,NEXO S.P.A.,7.0,4592.0,1747502,304360,0.33,0.34
2005,LADY FILM S.R.L.,21.0,3475.0,1203436,224630,0.22,0.25
2005,CDI-COMP. DISTR. INTERN.,7.0,4072.0,902211,154452,0.17,0.17
2005,TEODORA FILM S.R.L.,9.0,1968.0,728242,140132,0.14,0.15
2005,TIMECODE DISTR. S.R.L.,5.0,2834.0,691337,115366,0.13,0.13
2005,DNC DISTRIB. S.P.A.,7.0,1715.0,271934,47004,0.05,0.05
2005,INDIPENDENTI REGIONALI,21.0,945.0,254892,53916,0.05,0.06
2005,METACINEMA S.R.L.,6.0,1491.0,183156,33631,0.03,0.04
2005,MINERVA PICTURES S.R.L.,6.0,554.0,163465,29139,0.03,0.03
2005,PABLO DISTR. INDIP.,10.0,473.0,133965,31623,0.02,0.03
2005,KEY FILMS,9.0,348.0,101812,17005,0.02,0.02
2005,E.P. PRODUCTION S.R.L.,6.0,984.0,101697,18279,0.02,0.02
2005,L’ALTROFILM PROD. S.A.S.,1.0,144.0,100405,26328,0.02,0.03
2005,SHARADA DISTR.,11.0,518.0,95203,17325,0.02,0.02
2005,ORANGO FILM S.R.L.,1.0,214.0,94927,17030,0.02,0.02
2005,A.B. FILM DISTRIBUTORS,4.0,341.0,71188,12622,0.01,0.01
2005,QUADRIFOGLIO PROD. S.R.L.,1.0,226.0,65492,1288,0.01,0.01
2005,SACHER DISTRIB. S.R.L.,3.0,103.0,42748,8671,0.01,0.01
2005,ITALGEST VIDEO DISTR. S.R.L.,1.0,136.0,37059,6322,0.01,0.01
2005,REVOLVER S.R.L.,4.0,86.0,25244,4202,0.0,0.0
2005,ESSE&BI CIN.CA S.R.L.,7.0,39.0,7780,2610,0.0,0.0
2005,C.G.D.-CECCHI GORI DIST. S.R.L,8.0,27.0,7223,2905,0.0,0.0
2005,IST. LUCE - GRANDE CINEMA,10.0,18.0,5005,1365,0.0,0.0
2005,LIFE INTERNATIONAL,1.0,3.0,2075,236,0.0,0.0
2005,PENTA DISTRIBUZIONE,1.0,17.0,2038,517,0.0,0.0
2005,LA TRINCEA DISTRIB.,1.0,11.0,1645,352,0.0,0.0
2005,ALL STARS INTERNATIONAL S.R.L.,1.0,7.0,1400,221,0.0,0.0
2005,D.I.A. - DIST. IND. ASS. S.R.L,1.0,2.0,919,206,0.0,0.0
2005,UNIVERSAL PICTURES ITALY,1.0,1.0,119,19,0.0,0.0
2005,VITAGRAPH S.A.S.,1.0,1.0,96,24,0.0,0.0
2005,AIRONE CINEMATOGRAF. S.R.L.,1.0,1.0,10,2,0.0,0.0
2006,UIP-UNITED INT.PICTURES S.R.L.,46.0,126877.0,71433650,11917025,13.07,12.93
2006,MEDUSA FILM S.P.A.,87.0,120585.0,70972807,11861038,12.99,12.87
2006,BUENA VISTA INT. ITALIA S.R.L.,59.0,95794.0,65775719,11119493,12.03,12.07
2006,20TH CENTURY FOX ITALIA S.P.A.,43.0,97683.0,64325080,10720398,11.77,11.63
2006,01 DISTRIBUTION,61.0,100438.0,51848104,8827180,9.49,9.58
2006,SONY PICT. ITALIA S.R.L.,45.0,80359.0,50528125,8321698,9.24,9.03
2006,FILMAURO S.R.L.,10.0,36861.0,44710337,7404924,8.18,8.04
2006,WARNER BROS ITALIA S.P.A.,62.0,91683.0,40703279,6898076,7.45,7.49
2006,EAGLE PICTURES S.P.A.,40.0,81054.0,32904094,5544663,6.02,6.02
2006,BIM DISTRIB. S.R.L.,48.0,29065.0,13037443,2316647,2.39,2.51
2006,SACHER DISTRIB. S.R.L.,6.0,9322.0,6903045,1220738,1.26,1.32
2006,MOVIEMAX S.R.L.,14.0,16457.0,5941287,993521,1.09,1.08
2006,MIKADO FILM S.P.A.,94.0,15433.0,5481543,1026881,1.0,1.11
2006,LUCKY RED DISTRIB.,55.0,12760.0,4577134,835939,0.84,0.91
2006,MEDIAFILM S.P.A.,14.0,12805.0,3981829,676496,0.73,0.73
2006,NEXO S.P.A.,9.0,9558.0,3503497,591968,0.64,0.64
2006,FANDANGO S.R.L.,32.0,6797.0,2478530,448045,0.45,0.49
2006,DNC DISTRIB. S.P.A.,7.0,6032.0,1887334,334152,0.35,0.36
2006,IST. LUCE S.P.A.,57.0,5456.0,1211871,251460,0.22,0.27
2006,TEODORA FILM S.R.L.,15.0,2934.0,968958,179524,0.18,0.19
2006,IIF-ITALIAN INTERNATIONAL FILM,9.0,2301.0,817270,140287,0.15,0.15
2006,METACINEMA S.R.L.,6.0,1881.0,762176,141013,0.14,0.15
2006,L'ALTROFILM PROD. S.A.S.,3.0,1322.0,355120,71921,0.06,0.08
2006,INDIPENDENTI REGIONALI,34.0,1495.0,324437,66230,0.06,0.07
2006,LA TRINCEA DISTRIB.,3.0,526.0,247327,62116,0.05,0.07
2006,TIMECODE DISTR. S.R.L.,4.0,1199.0,245948,43207,0.05,0.05
2006,SHARADA DISTR.,7.0,391.0,146137,38190,0.03,0.04
2006,LADY FILM S.R.L.,20.0,268.0,96265,20291,0.02,0.02
2006,THULE FILM S.R.L.,1.0,96.0,72321,17318,0.01,0.02
2006,CINEVILLE ENT.,1.0,294.0,61492,11145,0.01,1.0
2006,KITCHEN FILM S.R.L.,1.0,237.0,50790,10376,0.01,0.01
2006,EUROFILM S.R.L.,1.0,204.0,37190,6915,0.01,0.01
2006,A.B. FILM DISTRIBUTORS,5.0,158.0,29281,5766,0.01,0.01
2006,R.V.EN... S.R.L.,4.0,99.0,28117,5348,0.01,0.01
2006,ORIONE CIN.CA S.R.L.,1.0,99.0,18062,3275,0.0,0.0
2006,PABLO DISTR. INDIP.,9.0,41.0,17279,3815,0.0,0.0
2006,RIPLEY'S FILM S.R.L.,1.0,95.0,14985,2792,0.0,0.0
2006,OFFICINE UBU,1.0,49.0,14374,2669,0.0,0.0
2006,MILLENNIUM STORM S.R.L.,1.0,130.0,10454,2124,0.0,0.0
2006,C.G.D.-CECCHI GORI DIST. S.R.L,11.0,40.0,7013,2548,0.0,0.0
2006,E.P. PRODUCTION S.R.L.,4.0,34.0,3908,825,0.0,0.0
2006,IST. LUCE - GRANDE CINEMA,8.0,15.0,2168,673,0.0,0.0
2007,MEDUSA FILM S.P.A.,75.0,154614.0,106944649,17777851,17.17,17.33
2007,WARNER BROS ITALIA S.P.A.,61.0,138878.0,84171642,14144094,13.66,13.64
2007,UNIVERSAL S.R.L.,26.0,122629.0,77548839,12978877,12.54,12.57
2007,20TH CENTURY FOX ITALIA S.P.A.,45.0,100895.0,67864029,11236437,10.86,11.0
2007,01 DISTRIBUTION,67.0,119698.0,61106185,10469517,10.11,9.9
2007,FILMAURO S.R.L.,13.0,41561.0,50637296,8201223,7.92,8.21
2007,SONY PICT. ITALIA S.R.L.,45.0,69266.0,39208042,6487964,6.27,6.35
2007,WALT DISNEY S.M.P. ITALIA,5.0,34933.0,32489132,5372071,5.19,5.26
2007,BUENA VISTA INT. ITALIA S.R.L.,43.0,43902.0,24574779,4069040,3.93,3.98
2007,EAGLE PICTURES S.P.A.,42.0,52196.0,22716348,3744352,3.62,3.68
2007,MOVIEMAX S.R.L.,17.0,25291.0,11474361,1951777,1.89,1.86
2007,MIKADO FILM S.P.A.,69.0,25076.0,9647045,1734079,1.68,1.56
2007,LUCKY RED DISTRIB.,44.0,18013.0,8387058,1457813,1.41,1.36
2007,BIM DISTRIB. S.R.L.,43.0,14859.0,5390607,1019951,0.99,0.87
2007,UIP-UNITED INT.PICTURES S.R.L.,23.0,6072.0,3372268,591563,0.57,0.55
2007,IST. LUCE S.P.A.,49.0,9004.0,2159335,416808,0.4,0.35
2007,TEODORA FILM S.R.L.,17.0,4389.0,1924688,348325,0.34,0.31
2007,DNC DISTRIB. S.P.A.,11.0,6782.0,1596014,291014,0.28,0.26
2007,MEDIAFILM S.P.A.,16.0,8128.0,1379379,246454,0.24,0.22
2007,LADY FILM S.R.L.,1.0,3185.0,993246,192176,0.19,0.16
2007,INDIPENDENTI REGIONALI,39.0,2475.0,845348,217772,0.21,0.14
2007,FANDANGO S.R.L.,26.0,2717.0,629769,119209,0.12,0.1
2007,ARCHIBALD ENTERP. FILM S.R.L.,1.0,253.0,301691,50034,0.05,0.05
2007,IGUANA FILM S.R.L.,3.0,1541.0,296763,54956,0.05,0.05
2007,ARANCIA FILM S.R.L.,1.0,776.0,249230,53801,0.05,0.04
2007,L’ALTROFILM PROD. S.A.S.,18.0,195.0,217630,51531,0.05,0.04
2007,NEXO S.P.A.,6.0,1309.0,202361,40173,0.04,0.03
2007,SACHER DISTRIB. S.R.L.,6.0,444.0,177296,32597,0.03,0.03
2007,R.V.EN... S.R.L.,2.0,201.0,109057,38257,0.04,0.02
2007,MEDIAPLEX ITALIA S.R.L.,2.0,416.0,108941,30424,0.03,0.02
2007,OFFICINE UBU,3.0,440.0,86218,16078,0.02,0.01
2007,ARBASH DISTRIBUZIONE S.R.L.,1.0,156.0,78896,23847,0.02,0.01
2007,IIF-ITALIAN INTERNATIONAL FILM,4.0,157.0,54689,9028,0.01,0.01
2007,THE MINIS S.R.L.,1.0,248.0,49298,9233,0.01,0.01
2007,POKER FILM S.R.L.,2.0,170.0,44474,8249,0.01,0.01
2007,SHARADA DISTR.,7.0,87.0,25628,5276,0.01,0.0
2007,ONE MOVIE S.R.L.,2.0,544.0,24136,4353,0.0,0.0
2007,RIPLEY’S FILM S.R.L.,1.0,46.0,8822,1940,0.0,0.0
2007,METACINEMA S.R.L.,2.0,27.0,8590,1886,0.0,0.0
2007,KEY FILMS,3.0,4.0,6404,1734,0.0,0.0
2007,VAWE PROD.,1.0,15.0,5203,3166,0.0,0.0
2007,IST. LUCE - GRANDE CINEMA,12.0,24.0,4325,1117,0.0,0.0
2008,UNIVERSAL S.R.L.,43.0,170690.0,116881204,19364126,19.49,19.68
2008,MEDUSA FILM S.P.A.,82.0,166019.0,98566238,6375968,16.49,16.6
2008,01 DISTRIBUTION,70.0,130164.0,65928455,11177951,11.25,11.1
2008,WARNER BROS ITALIA S.P.A.,60.0,104640.0,56965476,9374881,9.44,9.59
2008,FILMAURO S.R.L.,9.0,46119.0,47354886,7795160,7.85,7.97
2008,WALT DISNEY S.M.P. ITALIA,18.0,77669.0,45540219,7698274,7.75,7.67
2008,20TH CENTURY FOX ITALIA S.P.A.,44.0,87567.0,37815519,6279854,6.32,6.37
2008,SONY PICT. ITALIA S.R.L.,24.0,48909.0,30174329,4889967,4.92,5.08
2008,EAGLE PICTURES S.P.A.,40.0,47787.0,23455712,3803297,3.83,3.95
2008,LUCKY RED DISTRIB.,44.0,40082.0,17211408,2977811,3.0,2.9
2008,BIM DISTRIB. S.R.L.,48.0,34185.0,14548488,2553785,2.57,2.45
2008,MOVIEMAX S.R.L.,21.0,30218.0,13967376,2367132,2.38,2.35
2008,MIKADO FILM S.P.A.,71.0,26116.0,9340191,1662985,1.67,1.57
2008,MEDIAFILM S.P.A.,17.0,13196.0,4327078,743573,0.75,0.73
2008,FANDANGO S.R.L.,21.0,4936.0,2277617,415375,0.42,0.38
2008,TEODORA FILM S.R.L.,15.0,5568.0,1965982,362933,0.37,0.33
2008,ARCHIBALD ENTERP. FILM S.R.L.,4.0,2596.0,1302599,237158,0.24,0.22
2008,DNC DISTRIB. S.P.A.,9.0,4080.0,1241225,220406,0.22,0.21
2008,SACHER DISTRIB. S.R.L.,5.0,2874.0,930125,166656,0.17,0.16
2008,BOLERO FILM DISTR. S.R.L.,1.0,786.0,595762,98533,0.1,0.1
2008,IST. LUCE S.P.A.,38.0,2073.0,509214,114751,0.12,0.09
2008,INDIPENDENTI REGIONALI,45.0,1487.0,455825,94738,0.1,0.08
2008,L'ALTROFILM PROD.,14.0,731.0,381593,83467,0.08,0.06
2008,ARANCIA FILM S.R.L.,2.0,1001.0,308765,64408,0.06,0.05
2008,LADY FILM S.R.L.,3.0,919.0,266038,57034,0.06,0.04
2008,MOVIMENTO FILM S.R.L.,3.0,847.0,217900,42780,0.04,0.04
2008,RIPLEY'S FILM S.R.L.,4.0,925.0,194470,35741,0.04,0.03
2008,MEDIAPLEX ITALIA S.R.L.,4.0,270.0,120078,41588,0.04,0.02
2008,R.V.EN... S.R.L.,4.0,358.0,114473,29373,0.03,0.02
2008,OFFICINE UBU,4.0,645.0,111869,21911,0.02,0.02
2008,ANDREA LEONE FILMS,1.0,142.0,98427,17715,0.02,0.02
2008,LUMIERE & CO.,1.0,376.0,97034,22372,0.02,0.02
2008,ARBASH DISTRIBUZIONE S.R.L.,1.0,187.0,81610,25397,0.03,0.01
2008,METACINEMA S.R.L.,3.0,218.0,77232,13624,0.01,0.01
2008,ZAROFF FILM S.R.L.,1.0,234.0,59155,10946,0.01,0.01
2008,LUMIQ S.R.L.,1.0,448.0,51600,10158,0.01,0.01
2008,POKER FILM S.R.L.,1.0,87.0,42713,10094,0.01,0.01
2008,ONE MOVIE S.R.L.,4.0,303.0,42251,8099,0.01,0.01
2008,VITAGRAPH S.A.S.,1.0,78.0,37665,14233,0.01,0.01
2008,ACHAB FILM,1.0,98.0,25846,5074,0.01,0.0
2008,VAWE PROD.,1.0,67.0,24066,8940,0.01,0.0
2008,MEDITERRANEA PROD.,1.0,70.0,21396,3713,0.0,0.0
2009,MEDUSA FILM S.P.A.,77.0,143604.0,87777182,14161921,14.31,14.09
2009,UNIVERSAL S.R.L.,53.0,151411.0,83080821,13154277,13.29,13.34
2009,WARNER BROS ITALIA S.P.A.,63.0,134155.0,75679407,12342741,12.47,12.15
2009,SONY PICT. ITALIA S.R.L.,52.0,106116.0,69681810,10990611,11.11,11.19
2009,WALT DISNEY S.M.P. ITALIA,30.0,83459.0,61491257,8767767,8.86,9.87
2009,20TH CENTURY FOX ITALIA S.P.A.,37.0,82762.0,58031676,8730752,8.82,9.32
2009,01 DISTRIBUTION,69.0,98384.0,49974856,8304361,8.39,8.02
2009,EAGLE PICTURES S.P.A.,33.0,70051.0,41955592,6688525,6.76,6.74
2009,FILMAURO S.R.L.,5.0,28015.0,35650311,5640826,5.7,5.72
2009,LUCKY RED DISTRIB.,49.0,38454.0,15694364,2657218,2.69,2.52
2009,BIM DISTRIB. S.R.L.,48.0,40482.0,15476953,2639760,2.67,2.49
2009,MOVIEMAX S.R.L.,22.0,26154.0,13422748,2165952,2.19,2.16
2009,BOLERO FILM DISTR. S.R.L.,10.0,8035.0,2648116,465096,0.47,0.43
2009,FANDANGO S.R.L.,16.0,7674.0,2618787,470060,0.47,0.42
2009,TEODORA FILM S.R.L.,16.0,4106.0,1728712,321738,0.33,0.28
2009,MIKADO FILM S.P.A.,46.0,6561.0,1668875,310129,0.31,0.27
2009,ARCHIBALD ENTERP. FILM S.R.L.,13.0,4112.0,1004683,187355,0.19,0.16
2009,VIDEA-CDE S.P.A.,4.0,3880.0,995113,163602,0.17,0.16
2009,INDIPENDENTI REGIONALI,58.0,2881.0,721565,133820,0.14,0.12
2009,MEDIAFILM S.P.A.,7.0,2077.0,553555,97238,0.1,0.09
2009,RIPLEY'S FILM S.R.L.,8.0,1736.0,447681,84635,0.09,0.07
2009,CINECITTA' LUCE S.P.A.,6.0,2758.0,428257,72884,0.07,0.07
2009,SACHER DISTRIB. S.R.L.,5.0,1659.0,399540,75925,0.08,0.06
2009,IST. LUCE S.P.A.,27.0,1361.0,271787,60745,0.06,0.04
2009,FULL MOON DISTR.,1.0,1291.0,236733,38162,0.04,0.04
2009,MEDIAPLEX ITALIA S.R.L.,5.0,987.0,229197,41849,0.04,0.04
2009,L'ALTROFILM PROD.,1.0,385.0,210390,45650,0.05,0.03
2009,MOVIMENTO FILM S.R.L.,4.0,772.0,200340,43464,0.04,0.03
2009,KAIROS FILM DISTR. S.R.L.,1.0,437.0,127853,25768,0.03,0.02
2009,OFFICINE UBU,5.0,223.0,71893,12730,0.01,0.01
2009,POKER ENTERTAINMENT SRL,1.0,415.0,65432,9701,0.01,0.01
2009,ACHAB FILM,2.0,220.0,60577,10547,0.01,0.01
2009,ONE MOVIE S.R.L.,2.0,195.0,33337,5462,0.01,0.01
2009,ORDA D'ORO FILM,1.0,175.0,28395,6642,0.01,0.0
2009,LADY FILM S.R.L.,4.0,41.0,17985,5657,0.01,0.0
2009,A.B. FILM DISTRIBUTORS,3.0,96.0,17152,3231,0.0,0.0
2009,DALL'ANGELO PICT. S.R.L.,2.0,58.0,13117,2293,0.0,0.0
2009,IGUANA FILM S.R.L.,3.0,51.0,9996,2219,0.0,0.0
2009,ARANCIA FILM S.R.L.,2.0,42.0,9680,2298,0.0,0.0
2009,LA FABRICHETTA S.R.L.,1.0,40.0,9221,1652,0.0,0.0
2009,IRIS FILM S.R.L.,1.0,56.0,8470,1619,0.0,0.0
2009,PLANET IMAGE,1.0,26.0,7423,1214,0.0,0.0
2010,MEDUSA FILM S.P.A.,68.0,167757.0,122372335,19879350,18.08,16.66
2010,WARNER BROS ITALIA S.P.A.,61.0,148657.0,101102998,15381967,13.99,13.76
2010,20TH CENTURY FOX ITALIA S.P.A.,46.0,99852.0,100860927,13094859,11.91,13.73
2010,UNIVERSAL S.R.L.,59.0,145351.0,94603034,13387375,12.18,12.88
2010,WALT DISNEY S.M.P. ITALIA,34.0,101325.0,78859193,10417066,9.48,10.73
2010,01 DISTRIBUTION,59.0,113308.0,64527802,10575086,9.62,8.78
2010,EAGLE PICTURES S.P.A.,48.0,94124.0,49484856,7469135,6.79,6.74
2010,FILMAURO S.R.L.,7.0,30787.0,33741468,5275985,4.8,4.59
2010,SONY PICT. ITALIA S.R.L.,37.0,53591.0,27087306,4128309,3.76,3.69
2010,MOVIEMAX S.R.L.,20.0,26951.0,16383860,2430677,2.21,2.23
2010,BIM DISTRIB. S.R.L.,50.0,35701.0,14432185,2539990,2.31,1.96
2010,LUCKY RED DISTRIB.,43.0,27959.0,12807318,2143045,1.95,1.74
2010,MIKADO FILM S.P.A.,28.0,11473.0,4634295,831229,0.76,0.63
2010,TEODORA FILM S.R.L.,14.0,5096.0,2001023,368947,0.34,0.27
2010,VIDEA-CDE S.P.A.,6.0,7749.0,1869121,301851,0.27,0.25
2010,ARCHIBALD ENTERP. FILM S.R.L.,16.0,3624.0,1694824,301668,0.27,0.23
2010,FANDANGO S.R.L.,22.0,5968.0,1675547,293129,0.27,0.23
2010,BOLERO FILM DISTR. S.R.L.,19.0,5021.0,1322127,235816,0.21,0.18
2010,CINECITTA' LUCE S.P.A.,13.0,3763.0,1101511,207028,0.19,0.15
2010,NEXO DIGITAL S.P.A.,29.0,1128.0,1015222,115773,0.11,0.14
2010,TUCKER FILM S.R.L.,2.0,1708.0,703139,126680,0.12,0.1
2010,SACHER DISTRIB. S.R.L.,5.0,1199.0,483236,84951,0.08,0.07
2010,ELLEMME GROUP S.P.A.,2.0,1575.0,321465,50871,0.05,0.04
2010,INDIPENDENTI REGIONALI,49.0,1023.0,309837,58820,0.05,0.04
2010,ONE MOVIE S.R.L.,9.0,1583.0,249116,47819,0.04,0.03
2010,MEDIAPLEX ITALIA S.R.L.,6.0,955.0,196037,38356,0.03,0.03
2010,WAVE DISTRIB.,2.0,816.0,136989,20661,0.02,0.02
2010,IRIS FILM S.R.L.,10.0,822.0,102393,20382,0.02,0.01
2010,DIGIMA ENTERT.,2.0,549.0,83530,9635,0.01,0.01
2010,BORGO DELLO SPETTACOLO,1.0,379.0,81387,12329,0.01,0.01
2010,OFFICINE UBU,6.0,335.0,74723,14704,0.01,0.01
2010,QUALITY SOUND PROD.,1.0,130.0,43270,7465,0.01,0.01
2010,MOVIMENTO FILM S.R.L.,3.0,71.0,38880,6942,0.01,0.01
2010,ZEN ZERO S.R.L.,1.0,160.0,37925,7432,1.0,0.01
2010,RIPLEY'S FILM S.R.L.,7.0,223.0,35719,7328,0.01,0.0
2010,MICROCINEMA S.P.A.,2.0,73.0,32552,4464,0.0,0.0
2010,R.V.EN... S.R.L.,3.0,52.0,18604,4461,0.0,0.0
2010,NOMAD DISTR. S.R.L.,2.0,270.0,17950,3373,0.0,0.0
2010,DIAMONDS INTER. FILM,1.0,94.0,15553,2389,0.0,0.0
2010,DIGITALSQUAD,1.0,9.0,13608,2116,0.0,0.0
2010,IST. LUCE S.P.A.,13.0,41.0,10723,2433,0.0,0.0
2010,SLOW CINEMA,1.0,21.0,6768,1299,0.0,0.0
2010,RAEC DISTRIB.,1.0,12.0,6751,1319,0.0,0.0
2010,MEDIAFILM S.P.A.,3.0,12.0,4007,2926,0.0,0.0
2010,IST. LUCE - GRANDE CINEMA,6.0,8.0,3224,791,0.0,0.0
2010,LADY FILM S.R.L.,4.0,7.0,2977,1028,0.0,0.0
2010,KEY FILMS,1.0,2.0,2186,228,0.0,0.0
2011,MEDUSA FILM S.P.A.,,,157901254,26130689,25.79,23.87
2011,WARNER BROS ITALIA S.P.A.,,,120001815,17359747,17.13,18.14
2011,UNIVERSAL S.R.L.,,,96177413,13787402,13.61,14.54
2011,01 DISTRIBUTION,,,73677719,11488113,11.34,11.14
2011,EAGLE PICTURES S.P.A.,,,46745259,7014039,6.92,7.07
2011,WALT DISNEY S.M.P. ITALIA,,,44626015,5842935,5.77,6.75
2011,20TH CENTURY FOX ITALIA S.P.A.,,,34826664,5351530,5.28,5.26
2011,FILMAURO S.R.L.,,,26829128,4092631,4.04,4.06
2011,MOVIEMAX S.R.L.,,,13658326,2247239,2.22,2.06
2011,BIM DISTRIB. S.R.L.,,,13400007,2122641,2.09,2.03
2011,LUCKY RED DISTRIB.,,,7895112,1445683,1.43,1.19
2011,M2 PICTURES S.R.L.,,,4724248,839049,0.83,0.71
2011,SONY PICT. ITALIA S.R.L.,,,4444764,760356,0.75,0.67
2011,VIDEA-CDE S.P.A.,,,2337115,386308,0.38,0.35
2011,ARCHIBALD ENTERP. FILM S.R.L.,,,2124137,371175,0.37,0.32
2011,TEODORA FILM S.R.L.,,,1900244,348150,0.34,0.29
2011,FANDANGO S.R.L.,,,1457680,265979,0.26,0.22
2011,BOLERO FILM DISTR. S.R.L.,,,1082415,190668,0.19,0.16
2011,SACHER DISTRIB. S.R.L.,,,1004107,181679,0.18,0.15
2011,CINECITTA' LUCE S.P.A.,,,702054,131076,0.13,0.11
2011,Altri,,,6033349,966765,0.95,0.91
2012,WARNER BROS ITALIA S.P.A.,84.0,254463.0,134630241,19086586,20.92,22.12
2012,MEDUSA FILM S.P.A.,71.0,157981.0,109791289,17446786,19.12,18.04
2012,UNIVERSAL S.R.L.,64.0,187040.0,104343521,15384894,16.86,17.14
2012,20TH CENTURY FOX ITALIA S.P.A.,56.0,87384.0,51813125,7264644,7.96,8.51
2012,01 DISTRIBUTION,73.0,107934.0,51090952,7844301,8.6,8.39
2012,WALT DISNEY S.M.P. ITALIA,33.0,64283.0,36848647,4861350,5.33,6.05
2012,EAGLE PICTURES S.P.A.,46.0,58272.0,31183175,4720008,5.17,5.12
2012,LUCKY RED DISTRIB.,49.0,46612.0,17183167,2865364,3.14,2.82
2012,BIM DISTRIB. S.R.L.,60.0,34740.0,13822031,2327169,2.55,2.27
2012,FILMAURO S.R.L.,9.0,20793.0,12377625,1942978,2.13,2.03
2012,M2 PICTURES S.R.L.,13.0,27774.0,11822885,1735260,1.9,1.94
2012,MOVIEMAX S.R.L.,24.0,26879.0,6687871,1203047,1.32,1.1
2012,TEODORA FILM S.R.L.,18.0,9682.0,4115578,731696,0.8,0.68
2012,FANDANGO S.R.L.,20.0,9699.0,3136647,524032,0.57,0.52
2012,VIDEA-CDE S.P.A.,16.0,13120.0,2852739,475743,0.52,0.47
2012,BOLERO FILM DISTR. S.R.L.,21.0,7674.0,2357359,373331,0.41,0.39
2012,OFFICINE UBU,7.0,5752.0,2007218,357800,0.39,0.33
2012,NEXO DIGITAL S.P.A.,31.0,2537.0,1700644,181219,0.2,0.28
2012,SACHER DISTRIB. S.R.L.,15.0,4226.0,1315031,246016,0.27,0.22
2012,KOCH MEDIA S.R.L.,3.0,3894.0,1100639,188164,0.21,0.18
2012,GOOD FILMS,3.0,3376.0,1036747,185568,0.2,0.17
2012,PARTHENOS S.R.L.,5.0,3431.0,929833,171541,0.19,0.15
2012,INDIPENDENTI REGIONALI,59.0,3099.0,849154,200404,0.22,0.14
2012,IERVOLINO ENTERT. S.P.A.,4.0,3117.0,570616,91329,0.1,0.09
2012,ARCHIBALD ENTERP. FILM S.R.L.,9.0,2728.0,537798,102705,0.11,0.09
2012,SUNSHINE PICT. S.R.L.,2.0,2184.0,520407,82359,0.09,0.09
2012,MICROCINEMA S.P.A.,12.0,1283.0,432693,55504,0.06,0.07
2012,CINECITTA' LUCE S.P.A.,20.0,2119.0,378654,71490,0.08,0.06
2012,THE SPACE EXTRA,13.0,1024.0,375771,38045,0.04,0.06
2012,TUCKER FILM S.R.L.,7.0,1436.0,363998,67193,0.07,0.06
2012,THE SPACE CINEMA\QMI PROD.,1.0,301.0,342306,23911,0.03,0.06
2012,ACADEMY TWO DISTR. S.R.L.,2.0,798.0,326926,56291,0.06,0.05
2012,IRIS FILM S.R.L.,10.0,1267.0,265546,47893,0.05,0.04
2012,VIACOLVENTO FILM S.R.L.,1.0,261.0,173112,30407,0.03,0.03
2012,CG HOME VIDEO S.R.L.,1.0,549.0,160091,29004,0.03,0.03
2012,JP ENTERT. S.R.L.,3.0,400.0,138436,23880,0.03,0.02
2012,EMME CIN.CA S.R.L.,1.0,377.0,126867,21831,0.02,0.02
2012,QMI PROD.,3.0,260.0,107364,16379,0.02,0.02
2012,MEDIAPLEX ITALIA S.R.L.,6.0,272.0,104699,21476,0.02,0.02
2012,EYE MOON PICT. S.R.L.,1.0,359.0,94594,16776,0.02,0.02
2012,IERA' DISTR. S.R.L.,1.0,292.0,83978,15486,0.02,0.01
2012,MEDITERRANEA PROD.,2.0,700.0,73760,12651,0.01,0.01
2012,S.M.C. S.R.L.,1.0,229.0,66401,10844,0.01,0.01
2012,TOTEM FILM S.R.L.,1.0,282.0,50520,9044,0.01,0.01
2012,NOMAD DISTR. S.R.L.,6.0,348.0,32975,5846,0.01,0.01
2012,WHITEROSE PICTURES S.R.L.,2.0,221.0,31067,4898,0.01,0.01
2012,PACO PICTURES S.R.L.,1.0,274.0,29406,4433,0.0,0.0
2012,ZALAB DISTR. S.R.L.,2.0,110.0,27960,6173,0.01,0.0
2013,WARNER BROS ITALIA S.P.A.,70.0,235730.0,125359811,19040437,19.57,20.29
2013,MEDUSA FILM S.P.A.,55.0,97290.0,83595684,13079329,13.44,13.53
2013,UNIVERSAL S.R.L.,59.0,164267.0,81435185,12649031,13.0,13.18
2013,01 DISTRIBUTION,62.0,152645.0,80079272,13060760,13.43,12.96
2013,WALT DISNEY S.M.P. ITALIA,30.0,111806.0,69635572,10315188,10.6,11.27
2013,20TH CENTURY FOX ITALIA S.P.A.,46.0,99129.0,46317439,7051801,7.25,7.5
2013,LUCKY RED DISTRIB.,65.0,64414.0,27718577,4497623,4.62,4.49
2013,EAGLE PICTURES S.P.A.,33.0,60183.0,22275084,3672044,3.77,3.6
2013,BIM DISTRIB. S.R.L.,60.0,35780.0,11739449,2047633,2.1,1.9
2013,NOTORIOUS PICT. S.P.A.,18.0,36269.0,11631059,2028456,2.09,1.88
2013,FILMAURO/UNIVERSAL,4.0,14453.0,11618534,1714647,1.76,1.88
2013,M2 PICTURES S.R.L.,12.0,27148.0,8784649,1525372,1.57,1.42
2013,MOVIEMAX S.R.L.,24.0,34796.0,8532531,1590214,1.63,1.38
2013,TEODORA FILM S.R.L.,21.0,11100.0,4403519,813436,0.84,0.71
2013,NEXO DIGITAL S.P.A.,65.0,5297.0,3060076,335133,0.34,0.5
2013,VIDEA-CDE S.P.A.,13.0,9271.0,2851985,491642,0.51,0.46
2013,KOCH MEDIA S.R.L.,9.0,8926.0,2255983,377210,0.39,0.37
2013,ACADEMY TWO DISTR. S.R.L.,10.0,6354.0,2151039,425053,0.44,0.35
2013,GOOD FILMS,10.0,6964.0,2062067,424339,0.44,0.33
2013,OFFICINE UBU,14.0,4911.0,1710628,302753,0.31,0.28
2013,BOLERO FILM DISTR. S.R.L.,16.0,4895.0,1387505,268109,0.28,0.22
2013,MICROCINEMA S.P.A.,31.0,3119.0,1345700,150731,0.15,0.22
2013,ADLER ENTERTAINMENT S.R.L.,2.0,5177.0,1285048,213303,0.22,0.21
2013,PARTHENOS S.R.L.,9.0,2676.0,1085252,203413,0.21,0.18
2013,IST. LUCE CINECITTA' S.R.L.,13.0,2937.0,827975,149278,0.15,0.13
2013,TUCKER FILM S.R.L.,8.0,1881.0,771682,142445,0.15,0.12
2013,AI ENTERTAINMENT S.P.A.,3.0,1634.0,418587,67645,0.07,0.07
2013,INDIPENDENTI REGIONALI,64.0,1661.0,316949,59641,0.06,0.05
2013,THE SPACE CINEMA/QMI PROD.,1.0,355.0,283333,29336,0.03,0.05
2013,THE SPACE EXTRA,12.0,1082.0,277891,33831,0.03,0.04
2013,CLOUD MOVIE S.R.L.,1.0,1658.0,256617,43554,0.04,0.04
2013,SACHER DISTRIB. S.R.L.,12.0,1201.0,256085,52654,0.05,0.04
2013,GOOD FILMS/NEXO DIGITAL,1.0,1405.0,199133,53803,0.06,0.03
2013,MOVIES INSPIRED S.A.S.,5.0,855.0,174903,32399,0.03,0.03
2013,QMI PROD.,5.0,852.0,167198,25666,0.03,0.03
2013,FANDANGO S.R.L.,16.0,693.0,155916,34690,0.04,0.03
2013,CINETECA DI BOLOGNA DISTRIBUZI,4.0,439.0,142946,27081,0.03,0.02
2013,EYEMOON PICT. S.R.L.,2.0,360.0,115341,20778,0.02,0.02
2013,I WONDER DISTR. S.R.L,6.0,626.0,96686,17395,0.02,0.02
2013,QMI PROD./THE SPACE EXTRA,1.0,201.0,94628,7173,0.01,0.02
2013,MEDIAPLEX ITALIA S.R.L.,6.0,319.0,71722,15296,0.02,0.01
2013,MOVIMENTO FILM S.R.L.,7.0,711.0,69472,13315,0.01,0.01
2013,VIACOLVENTO FILM S.R.L.,1.0,239.0,62016,12750,0.01,0.01
2013,KITCHEN FILM S.R.L.,3.0,195.0,55700,11495,0.01,0.01
2013,P.F.A. FILM/FELTRINELLI CINEMA,1.0,225.0,53852,10990,0.01,0.01
2013,IERVOLINO ENTERT. S.P.A.,3.0,345.0,50035,8429,0.01,0.01
2013,RED BULL MEDIA HOUSE,3.0,334.0,47881,6168,0.01,0.01
2013,MADE IN ITALY FILM S.R.L.,2.0,852.0,47257,8099,0.01,0.01
2013,CINECITTA' LUCE S.P.A.,12.0,162.0,39592,10757,0.01,0.01
2013,POKER ENTERTAINMENT S.R.L.,3.0,422.0,34328,5536,0.01,0.01
2014,WARNER BROS ITALIA S.P.A.,73.0,197485.0,101378682,15478390,16.94,17.65
2014,01 DISTRIBUTION,68.0,164945.0,75946835,12330350,13.49,13.22
2014,20TH CENTURY FOX ITALIA S.P.A.,46.0,159964.0,72850481,11510069,12.59,12.68
2014,UNIVERSAL S.R.L.,55.0,140976.0,64248153,9778804,10.7,11.18
2014,WALT DISNEY S.M.P. ITALIA,32.0,87962.0,45800563,7043291,7.71,7.97
2014,MEDUSA FILM S.P.A.,43.0,72278.0,41420146,6516215,7.13,7.21
2014,LUCKY RED DISTRIB.,64.0,79970.0,35008172,5513258,6.03,6.09
2014,NOTORIOUS PICT. S.P.A.,22.0,73049.0,25077721,4421338,4.84,4.36
2014,EAGLE PICTURES S.P.A.,36.0,62456.0,20729848,3482753,3.81,3.61
2014,FILMAURO/UNIVERSAL,5.0,28683.0,18351982,2858099,3.13,3.19
2014,BIM DISTRIB. S.R.L.,73.0,42413.0,15524897,2672132,2.92,2.7
2014,M2 PICTURES S.R.L.,17.0,36917.0,12239136,1964479,2.15,2.13
2014,VIDEA-CDE S.P.A.,13.0,18396.0,7745915,1277226,1.4,1.35
2014,GOOD FILMS,21.0,18387.0,5683169,1041798,1.14,0.99
2014,KOCH MEDIA S.R.L.,16.0,19687.0,5135636,873105,0.96,0.89
2014,NEXO DIGITAL S.P.A.,68.0,6772.0,4073217,444199,0.49,0.71
2014,TEODORA FILM S.R.L.,24.0,6723.0,2479815,420093,0.46,0.43
2014,MICROCINEMA S.P.A.,33.0,9866.0,2343650,370680,0.41,0.41
2014,OFFICINE UBU,19.0,6065.0,2127298,365937,0.4,0.37
2014,ADLER ENTERTAINMENT S.R.L.,9.0,12885.0,2097704,370925,0.41,0.37
2014,PARTHENOS S.R.L.,13.0,5081.0,1702426,306992,0.34,0.3
2014,UNIVERSAL/THE SPACE MOVIES,12.0,10131.0,1625503,270450,0.3,0.28
2014,ACADEMY TWO DISTR. S.R.L.,18.0,5805.0,1355771,274923,0.3,0.24
2014,INDIE PICTURES S.P.A.,5.0,6329.0,981365,208368,0.23,0.17
2014,BOLERO FILM DISTR. S.R.L.,12.0,3132.0,832548,144728,0.16,0.14
2014,IST. LUCE CINECITTA' S.R.L.,20.0,3716.0,721668,146298,0.16,0.13
2014,CINETECA DI BOLOGNA DISTRIB.,16.0,3143.0,567710,106035,0.12,0.1
2014,MOVIES INSPIRED S.A.S.,10.0,2580.0,488783,91558,0.1,0.09
2014,INDIPENDENTI REGIONALI,56.0,1337.0,443149,71580,0.08,0.08
2014,SATINE FILM DISTR.,1.0,2115.0,437810,99889,0.11,0.08
2014,I WONDER PICT. S.R.L.,21.0,2173.0,411303,80600,0.09,0.07
2014,EUROPICTURES DISTR. S.R.L.,1.0,1482.0,405547,68280,0.07,0.07
2014,TUCKER FILM S.R.L.,11.0,1492.0,359635,76649,0.08,0.06
2014,CINEAMA DISTR. S.R.L.,1.0,890.0,305206,56135,0.06,0.05
2014,THE SPACE EXTRA,6.0,1540.0,262121,71663,0.08,0.05
2014,WHALE PICTURES S.R.L.,4.0,641.0,242798,40144,0.04,0.04
2014,VISIONARIA FILM DISTR. S.R.L.,2.0,1438.0,235700,46026,0.05,0.04
2014,FANDANGO S.R.L.,5.0,855.0,179241,30510,0.03,0.03
2014,MOVIEMAX S.R.L.,10.0,167.0,170161,26401,0.03,0.03
2014,THE SPACE/PACO PICT.,1.0,248.0,161321,19921,0.02,0.03
2014,QMI PROD.,6.0,729.0,159334,15911,0.02,0.03
2014,QMI PROD./THE SPACE EXTRA,1.0,223.0,134944,10490,0.01,0.02
2014,MEDITERRANEA PROD.,5.0,783.0,129561,21294,0.02,0.02
2014,INFINITO + 1 ITALIA DISTR.,1.0,128.0,123943,18458,0.02,0.02
2014,PABLO DISTR. INDIP.,4.0,363.0,103126,21939,0.02,0.02
2014,MAREMOSSO/LO SCRITTOIO,1.0,275.0,96021,21875,0.02,0.02
2014,DOMINUS PROD. S.R.L.,1.0,173.0,94015,14783,0.02,0.02
2014,MEDIAPLEX ITALIA S.R.L.,6.0,412.0,83668,15380,0.02,0.01
2014,AMBI PICTURES S.R.L.,2.0,324.0,82456,22088,0.02,0.01
2014,NEW MOON DISTR. S.R.L.,1.0,992.0,82130,20176,0.02,0.01
2015,UNIVERSAL S.R.L.,51.0,225021.0,131273338,19616456,19.76,20.61
2015,WARNER BROS ITALIA S.P.A.,64.0,197753.0,97340874,14993161,15.1,15.28
2015,WALT DISNEY S.M.P. ITALIA,28.0,129690.0,96816948,14505007,14.61,15.2
2015,01 DISTRIBUTION,70.0,159500.0,69743376,11312950,11.39,10.95
2015,20TH CENTURY FOX ITALIA S.P.A.,62.0,135348.0,59199307,9278980,9.34,9.29
2015,MEDUSA FILM S.P.A.,44.0,78673.0,38234509,5967140,6.01,6.0
2015,LUCKY RED DISTRIB.,79.0,70051.0,26927331,4217183,4.25,4.23
2015,NOTORIOUS PICT. S.P.A.,29.0,66561.0,16720814,2896502,2.92,2.63
2015,EAGLE PICTURES S.P.A.,35.0,57360.0,16638560,2712365,2.73,2.61
2015,VIDEA-CDE S.P.A.,16.0,27742.0,13048317,2098876,2.11,2.05
2015,KOCH MEDIA S.R.L.,20.0,30803.0,9056138,1549633,1.56,1.42
2015,BIM DISTRIB. S.R.L.,55.0,28354.0,8598358,1483507,1.49,1.35
2015,FILMAURO/UNIVERSAL,5.0,11889.0,7665015,1145267,1.15,1.2
2015,ADLER ENTERTAINMENT S.R.L.,10.0,24218.0,6826113,1128901,1.14,1.07
2015,M2 PICTURES S.R.L.,18.0,22003.0,5994642,1071401,1.08,0.94
2015,NEXO DIGITAL S.P.A.,72.0,8966.0,5559769,533389,0.54,0.87
2015,MICROCINEMA S.P.A.,34.0,19717.0,4205353,767909,0.77,0.66
2015,GOOD FILMS,24.0,14588.0,4063071,718354,0.72,0.64
2015,TEODORA FILM S.R.L.,17.0,10323.0,3602948,635546,0.64,0.57
2015,ACADEMY TWO DISTR. S.R.L.,24.0,6324.0,1808053,330037,0.33,0.28
2015,CINEMA S.R.L.,4.0,4304.0,1746313,296640,0.3,0.27
2015,OFFICINE UBU,18.0,5604.0,1652548,307070,0.31,0.26
2015,I WONDER PICT. S.R.L.,41.0,4538.0,1530604,259898,0.26,0.24
2015,SATINE FILM DISTR.,5.0,2795.0,747322,130685,0.13,0.12
2015,IST. LUCE CINECITTA' S.R.L.,33.0,3014.0,686499,123292,0.12,0.11
2015,UNIVERSAL/THE SPACE MOVIES,6.0,3634.0,602469,79942,0.08,0.09
2015,INDIPENDENTI REGIONALI,82.0,1679.0,510795,67661,0.07,0.08
2015,QMI PROD.,5.0,1477.0,504775,43020,0.04,0.08
2015,MOVIES INSPIRED S.A.S.,16.0,2243.0,481246,90510,0.09,0.08
2015,CINETECA DI BOLOGNA DISTRIB.,25.0,1761.0,391841,76726,0.08,0.06
2015,MEDITERRANEA PROD.,3.0,708.0,367063,66147,0.07,0.06
2015,BOLERO FILM DISTR. S.R.L.,9.0,1593.0,365002,65771,0.07,0.06
2015,DRAKA DISTRIBUTION,3.0,1181.0,328808,58323,0.06,0.05
2015,CINEAMA DISTR. S.R.L.,6.0,1487.0,321530,61810,0.06,0.05
2015,PARTHENOS S.R.L.,15.0,1479.0,321277,65018,0.07,0.05
2015,BARTER ENTERT.,4.0,3254.0,315765,51742,0.05,0.05
2015,EUROPICTURES DISTR. S.R.L.,3.0,1119.0,315057,55870,0.06,0.05
2015,EXIT MEDIA DISTR. S.R.L.,5.0,850.0,252473,49792,0.05,0.04
2015,NEXO DIGITAL/I WONDER PICT.,2.0,1248.0,182335,20287,0.02,0.03
2015,THE SPACE EXTRA,3.0,392.0,175378,25710,0.03,0.03
2015,TUCKER FILM S.R.L.,12.0,531.0,168141,33015,0.03,0.03
2015,INFINITO + 1 ITALIA DISTR.,2.0,231.0,126930,24062,0.02,0.02
2015,NEXO DIGITAL/FELTRINELLI R.CIN,2.0,348.0,105840,13653,0.01,0.02
2015,MOVIEMAX S.R.L.,1.0,608.0,95684,13989,0.01,0.02
2015,DOMINUS PROD. S.R.L.,1.0,219.0,89641,17477,0.02,0.01
2015,NOMAD DISTR. S.R.L.,6.0,811.0,84240,16142,0.02,0.01
2015,FIL ROUGE MEDIA,2.0,386.0,74740,12998,0.01,0.01
2015,VISIONARIA FILM DISTR. S.R.L.,3.0,135.0,70579,12165,0.01,0.01
2015,FILMAURO S.R.L.,2.0,230.0,68124,7278,0.01,0.01
2015,FANDANGO S.R.L.,8.0,161.0,57869,8851,0.01,0.01
2016,WARNER BROS ITALIA S.P.A.,76.0,259828.0,123383153,19246961,18.28,18.66
2016,MEDUSA FILM S.P.A.,45.0,118318.0,104629354,15696346,14.91,15.82
2016,WALT DISNEY S.M.P. ITALIA,34.0,163661.0,90751089,13875309,13.18,13.72
2016,UNIVERSAL S.R.L.,62.0,196818.0,77330842,12582632,11.95,11.69
2016,20TH CENTURY FOX ITALIA S.P.A.,51.0,127940.0,68810168,10814091,10.27,10.41
2016,01 DISTRIBUTION,80.0,144022.0,52523967,8867196,8.42,7.94
2016,LUCKY RED DISTRIB.,71.0,94773.0,36227176,5933957,5.64,5.48
2016,EAGLE PICTURES S.P.A.,28.0,75332.0,25596770,4161037,3.95,3.87
2016,BIM DISTRIB. S.R.L.,59.0,30472.0,11524222,2009031,1.91,1.74
2016,NOTORIOUS PICT. S.P.A.,32.0,51288.0,10384403,1868615,1.77,1.57
2016,M2 PICTURES S.R.L.,14.0,33420.0,9526992,1613621,1.53,1.44
2016,KOCH MEDIA S.R.L.,31.0,24769.0,6356591,1074624,1.02,0.96
2016,NEXO DIGITAL S.P.A.,43.0,12841.0,5611567,579489,0.55,0.85
2016,GOOD FILMS,29.0,19052.0,5172143,949237,0.9,0.78
2016,MICROCINEMA S.P.A.,31.0,23668.0,4515953,943520,0.9,0.68
2016,VIDEA S.P.A.,18.0,16742.0,4224673,716147,0.68,0.64
2016,CINEMA S.R.L.,14.0,10893.0,4054002,712645,0.68,0.61
2016,ADLER ENTERTAINMENT S.R.L.,14.0,15394.0,2662776,484054,0.46,0.4
2016,TEODORA FILM S.R.L.,24.0,8609.0,2375492,439656,0.42,0.36
2016,ACADEMY TWO DISTR. S.R.L.,28.0,6251.0,1986534,374628,0.36,0.3
2016,TUNNEL PROD. S.R.L.,1.0,2234.0,1678103,290071,0.28,0.25
2016,QMI PROD.,9.0,2374.0,1119992,95637,0.09,0.17
2016,BARTER ENTERT.,6.0,6842.0,1092833,182170,0.17,0.17
2016,I WONDER PICTURES S.R.L.,36.0,3805.0,929229,169918,0.16,0.14
2016,OFFICINE UBU,16.0,3560.0,874357,151473,0.14,0.13
2016,MOVIES INSPIRED S.A.S.,23.0,3841.0,803577,152756,0.15,0.12
2016,PARTHENOS S.R.L.,16.0,3124.0,793198,158029,0.15,0.12
2016,INDIPENDENTI REGIONALI,90.0,4284.0,591638,112587,0.11,0.09
2016,SATINE FILM DISTR.,6.0,1639.0,443196,81217,0.08,0.07
2016,CINETECA DI BOLOGNA DISTRIB.,35.0,2075.0,372817,73101,0.07,0.06
2016,TUCKER FILM S.R.L.,12.0,1469.0,358360,63475,0.06,0.05
2016,ZENIT DISTRIBUTION,14.0,1686.0,318765,62167,0.06,0.05
2016,DOMINUS PROD. S.R.L.,3.0,964.0,314287,52077,0.05,0.05
2016,BOLERO FILM DISTR. S.R.L.,13.0,1938.0,306638,63747,0.06,0.05
2016,CINEAMA DISTR. S.R.L.,12.0,1023.0,306465,53125,0.05,0.05
2016,EUROPICTURES DISTR. S.R.L.,4.0,1707.0,300552,51273,0.05,0.05
2016,NOMAD DISTR. S.R.L.,5.0,1045.0,231989,44489,0.04,0.04
2016,ADRIATICA FILM S.R.L.,1.0,723.0,210660,37212,0.04,0.03
2016,MULTIVIDEO,1.0,537.0,205784,39738,0.04,0.03
2016,I WONDER PICT./FIL ROUGE MEDIA,5.0,1124.0,201841,36498,0.03,0.03
2016,IST. LUCE CINECITTA' S.R.L.,33.0,1652.0,198761,37650,0.04,0.03
2016,NEXO DIGITAL/I WONDER PICTURES,3.0,526.0,141952,14999,0.01,0.02
2016,WANTED CINEMA,18.0,477.0,130418,19024,0.02,0.02
2016,TWELVE ENTERT./SOMMO INDEP.,1.0,652.0,129657,24939,0.02,0.02
2016,INDIPENDENT MOVIES,1.0,987.0,120557,19419,0.02,0.02
2016,AHORA! FILM,2.0,436.0,110540,24378,0.02,0.02
2016,WANTED/FELTRINELLI CINEMA,5.0,513.0,103836,15647,0.01,0.02
2016,LAB 80 FILM,18.0,585.0,86888,17766,0.02,0.01
2016,VIGGO DISTR. S.R.L.,5.0,547.0,81670,15348,0.01,0.01
2016,L'OCCHIO E LA LUNA,1.0,180.0,76857,13081,0.01,0.01
2017,WARNER BROS ITALIA S.P.A.,107.0,292047.0,115652164,17864569,19.36,19.78
2017,UNIVERSAL S.R.L.,63.0,242519.0,108238076,16668125,18.07,18.52
2017,WALT DISNEY S.M.P. ITALIA,40.0,135866.0,81934019,12288381,13.32,14.02
2017,20TH CENTURY FOX ITALIA S.P.A.,46.0,139230.0,57312954,8968414,9.72,9.8
2017,01 DISTRIBUTION,80.0,148954.0,56610020,9411841,10.2,9.68
2017,MEDUSA FILM S.P.A.,42.0,74216.0,33746336,5624463,6.1,5.77
2017,LUCKY RED DISTRIB.,79.0,73628.0,25895578,4364849,4.73,4.43
2017,EAGLE PICTURES S.P.A.,43.0,90225.0,24756869,4087029,4.43,4.24
2017,VIDEA S.P.A.,21.0,36132.0,11091705,1908328,2.07,1.9
2017,NOTORIOUS PICT. S.P.A.,38.0,54192.0,11061415,1831415,1.98,1.89
2017,NEXO DIGITAL S.P.A.,73.0,15597.0,6841975,685040,0.74,1.17
2017,KOCH MEDIA S.R.L.,35.0,24609.0,6243620,1001159,1.09,1.07
2017,M2 PICTURES S.R.L.,21.0,30027.0,6117796,985663,1.07,1.05
2017,ADLER ENTERTAINMENT S.R.L.,14.0,21495.0,5270408,874355,0.95,0.9
2017,VISION DISTRIBUTION,6.0,17644.0,5259994,780425,0.85,0.9
2017,BIM DISTRIB. S.R.L.,66.0,18834.0,4661322,853614,0.93,0.8
2017,CINEMA S.R.L.,25.0,15985.0,4331618,786897,0.85,0.74
2017,TEODORA FILM S.R.L.,25.0,6664.0,2035611,358086,0.39,0.35
2017,ADLER/NEXO DIGITAL,1.0,1896.0,1877920,213441,0.23,0.32
2017,GOOD FILMS,23.0,6352.0,1570377,360563,0.39,0.27
2017,INDIPENDENTI REGIONALI,102.0,3320.0,1447346,179386,0.19,0.25
2017,QMI PROD.,14.0,2606.0,1187787,98618,0.11,0.2
2017,I WONDER PICTURES S.R.L.,42.0,5889.0,1084878,190444,0.21,0.19
2017,TUCKER FILM S.R.L.,14.0,3612.0,1063517,191614,0.21,0.18
2017,OFFICINE UBU,22.0,4812.0,1060976,186836,0.2,0.18
2017,ACADEMY TWO DISTR. S.R.L.,30.0,3889.0,990860,186957,0.2,0.17
2017,PARTHENOS S.R.L.,15.0,3059.0,981407,181009,0.2,0.17
2017,SATINE FILM DISTR.,8.0,2833.0,713658,129654,0.14,0.12
2017,ALTRE STORIE/ TUNNEL PROD.,1.0,1475.0,554189,95184,0.1,0.09
2017,ALTRE STORIE,6.0,4328.0,411299,73367,0.08,0.07
2017,CINETECA DI BOLOGNA DISTRIB.,35.0,1854.0,389016,74541,0.08,0.07
2017,EUROPICTURES DISTR. S.R.L.,5.0,1718.0,289053,61877,0.07,0.05
2017,IST. LUCE CINECITTA' S.R.L.,35.0,1681.0,287092,57434,0.06,0.05
2017,MOVIES INSPIRED S.A.S.,22.0,1537.0,269194,57939,0.06,0.05
2017,WANTED CINEMA,23.0,1009.0,263765,42168,0.05,0.05
2017,AMBI MEDIA ITALIA,3.0,654.0,215388,36579,0.04,0.04
2017,ANERICA SRL,1.0,584.0,167607,22533,0.02,0.03
2017,WHALE PICTURES S.R.L.,3.0,2670.0,153645,24794,0.03,0.03
2017,DRAKA DISTRIBUTION,7.0,1125.0,152435,23489,0.03,0.03
2017,L'ALTROFILM PROD.,1.0,1002.0,127535,19096,0.02,0.02
2017,102 DISTRIBUTION,4.0,835.0,123983,22911,0.02,0.02
2017,CINEAMA DISTR. S.R.L.,10.0,272.0,122535,22919,0.02,0.02
2017,FIL ROUGE MEDIA,5.0,710.0,110877,19023,0.02,0.02
2017,MARIPOSA CIN.CA S.R.L.,5.0,528.0,89203,17156,0.02,0.02
2017,LAB 80 FILM,28.0,711.0,84492,17600,0.02,0.01
2017,DOMINUS PROD. S.R.L.,3.0,197.0,82530,13794,0.01,0.01
2017,RISING ALTERNATIVE,7.0,679.0,81117,7895,0.01,0.01
2017,ISMAELE FILM,3.0,420.0,78025,16866,0.02,0.01
2017,EXIT MEDIA S.R.L.,7.0,668.0,77306,14149,0.02,0.01
2017,BOLERO FILM DISTR. S.R.L.,10.0,969.0,74428,15854,0.02,0.01
2018,WARNER BROS ITALIA S.P.A.,,,107888474,16364662,19.05,19.42
2018,WALT DISNEY S.M.P. ITALIA,,,81965169,12327181,14.35,14.76
2018,UNIVERSAL S.R.L.,,,81474825,12494990,14.55,14.67
2018,20TH CENTURY FOX ITALIA S.P.A.,,,66609395,9970485,11.61,11.99
2018,01 DISTRIBUTION,,,61288131,9887251,11.51,11.03
2018,LUCKY RED DISTRIB.,,,28085875,4475163,5.21,5.06
2018,MEDUSA FILM S.P.A.,,,23604380,3561933,4.15,4.25
2018,EAGLE PICTURES S.P.A.,,,19489778,3122798,3.64,3.51
2018,VISION DISTRIBUTION,,,17757149,2771385,3.23,3.2
2018,NOTORIOUS PICT. S.P.A.,,,14126101,2317153,2.7,2.54
2018,NEXO DIGITAL S.P.A.,,,7586960,811477,0.94,1.37
2018,BIM DISTRIB. S.R.L.,,,6599842,1089188,1.27,1.19
2018,KOCH MEDIA S.R.L.,,,5536202,911784,1.06,1.0
2018,ADLER ENTERTAINMENT S.R.L.,,,5187624,828327,0.96,0.93
2018,M2 PICTURES S.R.L.,,,4966077,834679,0.97,0.89
2018,VIDEA S.P.A.,,,3666626,647216,0.75,0.66
2018,CINEMA S.R.L.,,,2233452,411531,0.48,0.4
2018,ACADEMY TWO DISTR. S.R.L.,,,2195339,389110,0.45,0.4
2018,I WONDER PICTURES S.R.L.,,,1814695,319463,0.37,0.33
2018,ALTRE STORIE,,,953457,174900,0.2,0.17
2018,Altri,,,12415821,2192966,2.55,2.24
2019,WALT DISNEY S.M.P. ITALIA,,,170041654,25631811,26.27,26.76
2019,WARNER BROS ITALIA S.P.A.,,,137556268,20342055,20.85,21.65
2019,01 DISTRIBUTION,,,60702923,9434317,9.67,9.55
2019,EAGLE PICTURES S.P.A.,,,37605904,6092945,6.24,5.92
2019,20TH CENTURY FOX ITALIA S.P.A.,,,33681118,5157529,5.29,5.3
2019,UNIVERSAL S.R.L.,,,32534433,5043029,5.17,5.12
2019,MEDUSA FILM S.P.A.,,,32304818,5079769,5.21,5.08
2019,VISION DISTRIBUTION,,,31968152,4986103,5.11,5.03
2019,LUCKY RED DISTRIB.,,,30866906,4893451,5.01,4.86
2019,NOTORIOUS PICT. S.P.A.,,,16974236,2805546,2.87,2.67
2019,NEXO DIGITAL S.P.A.,,,7467635,773232,0.79,1.18
2019,M2 PICTURES S.R.L.,,,5181291,835003,0.86,0.82
2019,BIM DISTRIB. S.R.L.,,,5061074,910153,0.93,0.8
2019,KOCH MEDIA S.R.L.,,,4705535,711236,0.73,0.74
2019,I WONDER PICTURES S.R.L.,,,3380993,559461,0.57,0.53
2019,ACADEMY TWO DISTR. S.R.L.,,,3350080,561174,0.58,0.53
2019,ADLER ENTERTAINMENT S.R.L.,,,2897341,484119,0.5,0.46
2019,VIDEA S.P.A.,,,2190789,368216,0.38,0.34
2019,CINEMA S.R.L.,,,1782815,335110,0.34,0.28
2019,QMI PROD.,,,1185195,85361,0.09,0.19
2019,Altri,,,14010614,2497238,2.56,2.2
2020,MEDUSA FILM S.P.A.,,,56498815,8275099,29.41,30.96
2020,WARNER BROS ITALIA S.P.A.,,,39932260,6134652,21.8,21.88
2020,01 DISTRIBUTION,,,31632220,4986358,17.72,17.33
2020,WALT DISNEY S.M.P. ITALIA,,,10444002,1628226,5.79,5.72
2020,VISION DISTRIBUTION,,,8688182,1330924,4.73,4.76
2020,LUCKY RED DISTRIB.,,,6456793,1090157,3.87,3.54
2020,UNIVERSAL S.R.L.,,,4956611,802025,2.85,2.72
2020,ACADEMY TWO DISTR. S.R.L.,,,4542025,730813,2.6,2.49
2020,NEXO DIGITAL S.P.A.,,,3160665,338734,1.2,1.73
2020,20TH CENTURY FOX ITALIA S.P.A.,,,2895362,481425,1.71,1.59
2020,EAGLE PICTURES S.P.A.,,,2621413,444114,1.58,1.44
2020,NOTORIOUS PICT. S.P.A.,,,2307577,402975,1.43,1.26
2020,BIM DISTRIB. S.R.L.,,,1723759,302334,1.07,0.94
2020,I WONDER PICTURES S.R.L.,,,804571,142982,0.51,0.44
2020,TEODORA FILM S.R.L.,,,701132,121133,0.43,0.38
2020,KOCH MEDIA S.R.L.,,,590768,83013,0.29,0.32
2020,IERVOLINO ENTERT.,,,541775,105995,0.38,0.3
2020,MOVIES INSPIRED S.A.S.,,,447853,79169,0.28,0.25
2020,ADLER ENTERTAINMENT S.R.L.,,,390676,64339,0.23,0.21
2020,FENIX ENTERTAINMENT,,,326278,57829,0.21,0.18
2020,Altri,,,2846473,538386,1.91,1.56
2021,WARNER BROS ITALIA S.P.A.,,,60154962,8505219,34.29,35.51
2021,WALT DISNEY S.M.P. ITALIA,,,32786839,4783173,19.29,19.36
2021,UNIVERSAL S.R.L.,,,23822611,3416014,13.77,14.06
2021,01 DISTRIBUTION,,,13800827,2147756,8.66,8.15
2021,EAGLE PICTURES,,,9687934,1413547,5.7,5.72
2021,VISION DISTRIBUTION,,,7395011,1119411,4.51,4.37
2021,LUCKY RED DISTRIB.,,,5761519,898462,3.62,3.4
2021,MEDUSA FILM S.P.A.,,,3991014,603234,2.43,2.36
2021,BIM DISTRIB. S.R.L.,,,2732055,456109,1.84,1.61
2021,NEXO DIGITAL S.P.A.,,,2185884,237497,0.96,1.29
2021,NOTORIOUS PICT. S.P.A.,,,833488,134617,0.54,0.49
2021,ACADEMY TWO DISTR. S.R.L.,,,789653,140996,0.57,0.47
2021,I WONDER PICTURES S.R.L,,,738472,123962,0.5,0.44
2021,TUCKER FILM,,,560848,94139,0.38,0.33
2021,TEODORA FILM S.R.L.,,,422963,75442,0.3,0.25
2021,NON ASSEGNATA,,,351874,62252,0.25,0.21
2021,CINETECA DI BOLOGNA DISTRIB.,,,341347,54941,0.22,0.2
2021,EUROPICTURES DISTR. S.R.L.,,,326697,57893,0.23,0.19
2021,WANTED CINEMA,,,239797,45463,0.18,0.14
2021,SATINE FILM DISTR.,,,237332,46991,0.19,0.14
2021,Altri,,,2234100,384652,1.55,1.32
